{
  "$schema": "./node_modules/@biomejs/biome/configuration_schema.json",
  "vcs": {
    "enabled": false,
    "clientKind": "git",
    "useIgnoreFile": false
  },
  "files": {
    "ignoreUnknown": false,
    "includes": [
      "**",
      "!**/.next",
      "!**/dist",
      "!**/.turbo",
      "!**/dev-dist",
      "!**/.zed",
      "!**/.vscode",
      "!**/src-tauri",
      "!**/.nuxt",
      "!bts.jsonc",
      "!**/.expo",
      "!**/.wrangler",
      "!**/.alchemy",
      "!**/.svelte-kit",
      "!**/wrangler.jsonc",
      "!**/.source"
    ]
  },
  "formatter": {
    "enabled": true,
    "indentStyle": "space",
    "indentWidth": 2
  },
  "assist": { "actions": { "source": { "organizeImports": "on" } } },
  "linter": {
    "enabled": true,
    "rules": {
      "recommended": true,
      "correctness": {
        "useExhaustiveDependencies": "info"
      },
      "suspicious": {
        "noArrayIndexKey": "info"
      },
      "a11y": {
        "useButtonType": "off",
        "useAltText": "off",
        "noStaticElementInteractions": "off"
      },
      "nursery": {
        "useSortedClasses": {
          "level": "off",
          "fix": "safe",
          "options": {
            "functions": ["clsx", "cva", "cn"]
          }
        }
      },
      "style": {
        "noParameterAssign": "error",
        "useAsConstAssertion": "error",
        "useDefaultParameterLast": "error",
        "useEnumInitializers": "error",
        "useSelfClosingElements": "error",
        "useSingleVarDeclarator": "error",
        "noUnusedTemplateLiteral": "info",
        "useNumberNamespace": "error",
        "noInferrableTypes": "info",
        "noUselessElse": "info",
        "useImportType": "off"
      }
    }
  },
  "javascript": {
    "formatter": {
      "quoteStyle": "double"
    }
  },
  "css": {
    "parser": {
      "tailwindDirectives": true,
      "allowWrongLineComments": false
    }
  }
}
